{
  "results": {
    "baseline_home": {
      "acc": 0.47795566502463055,
      "log_loss": 1.0510576509785423
    },
    "baseline_elo": {
      "acc": 0.6003694581280788,
      "log_loss": 0.8732423046783114
    },
    "hgb": {
      "acc": 0.5918719211822661,
      "log_loss": 0.8773362443117187
    },
    "full_logistic": {
      "acc": 0.5997536945812808,
      "log_loss": 0.8674032660884594
    },
    "blend": {
      "acc": 0.5982758620689655,
      "log_loss": 0.8677946740805763
    }
  },
  "brier": 0.5103176459242572,
  "calibration": [
    [
      0.055,
      0.043,
      509
    ],
    [
      0.149,
      0.14,
      723
    ],
    [
      0.251,
      0.239,
      933
    ],
    [
      0.35,
      0.347,
      973
    ],
    [
      0.448,
      0.418,
      996
    ],
    [
      0.55,
      0.543,
      954
    ],
    [
      0.65,
      0.606,
      1030
    ],
    [
      0.75,
      0.757,
      969
    ],
    [
      0.847,
      0.843,
      630
    ],
    [
      0.936,
      0.928,
      403
    ]
  ],
  "importance": {
    "elo_diff": 0.3098,
    "neutral": 0.0121,
    "away_elo": 0.0044,
    "home_logn": 0.0032,
    "home_elo": 0.0026,
    "away_gf": 0.0018,
    "form_pts_diff": 0.0018,
    "is_competitive": 0.0007,
    "ga_diff": 0.0005,
    "home_ga": 0.0005,
    "rest_diff": 0.0004,
    "away_logn": 0.0003,
    "away_form": 0.0002,
    "home_form": -0.0001,
    "home_gf": -0.0001,
    "gf_diff": -0.0003,
    "away_ga": -0.0003,
    "is_friendly": -0.0003,
    "home_rest": -0.0008,
    "away_rest": -0.0018
  },
  "train_n": 24179,
  "test_n": 8120
}